{"cameraMode":{"drawMode":0,"name":"Shaded","section":"Shading Mode"},"sceneLighting":true,"audioPlay":false,"sceneViewState":{"m_AlwaysRefresh":false,"showFog":true,"showSkybox":true,"showFlares":true,"showImageEffects":true,"showParticleSystems":true,"showVisualEffectGraphs":true,"m_FxEnabled":true},"in2DMode":false,"pivot":{"x":695.7769775390625,"y":1273.2415771484375,"z":-34.44183349609375},"rotation":{"x":0.028798311948776246,"y":0.022484153509140016,"z":-0.000647983280941844,"w":0.9993327856063843},"size":1030.0823974609375,"orthographic":false}